Product Name,Product Price
"LG 34WR50QC 34"" QHD UltraWide Curved Monitor",£294.97
"electriQ 49SUWD144FSHQ-V3 49"" QLED Full HD 144Hz Super UltraWide Curved Monitor",£499.97
"ViewSonic VX2718-PC-MHD 27"" Full HD 165Hz FreeSync Curved Gaming Monitor",£154.97
"LG 34WR55QC 34"" QHD VA Curved Monitor",£399.97
"Philips E-line 241E1SC 24"" Full HD FreeSync Curved Monitor",£98.97
"Gigabyte M32QC 32"" QHD 165Hz Curved Gaming Monitor",£309.97
"MSI MAG 325CQRF-QD 31.5"" VA WQHD 240Hz 1ms FreeSync Curved Gaming Monitor",£328.97
"MSI MAG 341CQP 34"" WQHD OLED 175Hz Curved Gaming Monitor",£748.97
"ViewSonic VX2418C 24"" Full HD 165Hz FreeSync Curved Gaming Monitor",£119.97
"ElectriQ-34SUWD144FSHQ-V3 34"" WQHD QLED 165Hz Curved Gaming Monitor",£249.97
"ElectriQ-49CV5UWD120FSHQA-V3 49"" QLED UWQHD 120Hz Super Ultra Wide Monitor",£579.97
"LG UltraWide 35WN75CP-B 35"" UWQHD 100Hz FreeSync Curved Gaming Monitor",£399.97
"electriQ 30"" Full HD UltraWide HDR 200Hz FreeSync Gaming Monitor with Adjustable Stand",£159.97
"AOC C27G2ZE/BK 27"" Full HD 240Hz Curved Gaming Monitor",£189.97
"ViewSonic VX3218-PC-MHD 32"" Full HD 165Hz FreeSync Curved Gaming Monitor",£174.97
"DELL UltraSharp U4924DW 49"" 5K Dual QHD Curved Monitor",£1059.97
"Iiyama G-MASTER Red Eagle 34"" VA UWQHD 165Hz FreeSync Curved Gaming Monitor",£318.97
"Dell P3424WE 34"" IPS WQHD UltraWide USB-C Curved Monitor",£489.97
"LG UltraGear 27GR75Q 27"" IPS QHD 165Hz 1ms FreeSync Gaming Monitor",£224.97
"AOC C27G2ZU/BK 27"" Full HD 240Hz Curved Gaming Monitor",£194.97
"ViewSonic VX3219-PC-MHD 32"" Full HD 240Hz Curved VA Gaming Monitor",£209.97
"Dell P2425 24"" WUXGA IPS Monitor",£169.97
"LG 32MR50C 32"" Full HD VA 100Hz Curved Monitor",£174.97
"Philips E-Line 27"" Full HD Curved Monitor",£129.97
"Philips 346P1CRH/00 34"" QHD USB-C Curved Monitor",£549.97
"Philips E-Line 322E1C 32"" Full HD Curved Monitor",£168.97
"LG UltraGear 45GR95Q 45"" OLED QHD 240Hz FreeSync Gaming Monitor",£1198.97
"LG 49WQ95C-W 49"" IPS Dual QHD Ultrawide Curved Monitor",£1048.97
"Philips Evnia 49M2C8900 49"" QD-OLED 240Hz FreeSync Curved Gaming Monitor",£1039.97
"Dell UltraSharp U3423WE 34"" IPS WQHD USB-C Curved Monitor",£699.97
"Philips 499P9H/00 49"" QHD Curved Monitor",£914.97
"AOC CQ32G2SE 32"" QHD 165Hz FreeSync Gaming Monitor",£244.97
"ViewSonic OMNI VX3218C-2K 32"" QHD 165Hz 1ms FreeSync Curved Gaming Monitor",£224.97
"MSI G32CQ4 E2 31.5"" VA WQHD 170Hz FreeSync Curved Gaming Monitor",£269.97
"Acer Nitro XV345CURV3 34"" WQHD 180Hz FreeSync USB-C Curved Gaming Monitor",£349.97
"Refurbished Alienware AW3225QF 32"" QD-OLED 240Hz 4K UHD G-Sync Curved Gaming Monitor",£799.97
"LG UltraGear 34"" QHD OLED 240Hz 0.03 Curved Gaming Monitor",£1199.97
"Gigabyte G32QC A 32"" QHD 165Hz VA Curved Gaming Monitor",£298.97
"Samsung ViewFinity S6 34"" WQHD Curved Monitor",£449.97
"AOC CQ27G2S 27"" QHD 165Hz Curved Gaming Monitor",£198.97
"Samsung Odyssey G9 49"" DQHD OLED 240Hz Curved Gaming Monitor",£1283.97
"AOC C27G2E 27"" Full HD 165Hz Curved Gaming Monitor",£158.97
"Dell P2425HE 24"" IPS Full HD USB-C Monitor",£209.97
"Samsung S39C 32"" Full HD Curved Monitor",£229.97
"LG UltraGear 38GN950P-B 38"" Nano IPS UWQHD 144Hz 1ms FreeSync Curved Gaming Monitor",£749.97
"MSI MAG 275CQRF-QD 27"" VA WQHD 170Hz 1ms FreeSync Curved Gaming Monitor",£349.97
"iiyama Prolite XUB3293UHSN-B5 32"" 4K UHD IPS Monitor",£399.97
"Samsung C27R500FHP 27"" Full HD Curved Monitor",£179.97
